{"cameraMode":{"drawMode":0,"name":"Shaded","section":"Shading Mode"},"sceneLighting":true,"audioPlay":false,"sceneViewState":{"m_AlwaysRefresh":false,"showFog":true,"showSkybox":false,"showFlares":true,"showImageEffects":true,"showParticleSystems":true,"showVisualEffectGraphs":true,"m_FxEnabled":true},"in2DMode":false,"pivot":{"x":-0.45852944254875185,"y":4.711770534515381,"z":-5.445023536682129},"rotation":{"x":-0.033302463591098788,"y":0.0035945374984294178,"z":-0.00012029351637465879,"w":-0.9994333386421204},"size":3.4400010108947756,"orthographic":false}